{"proxies":{"mve.googlefit.MveGoogleFitModule":{"superPackageName":"org.appcelerator.kroll","methods":{"hasPermissions":{"runOnUiThread":false,"hasInvocation":false,"args":[{"converter":"org.appcelerator.kroll.KrollConverter","defaultValueProvider":"org.appcelerator.kroll.KrollConverter","name":"dataTypes","sourceName":"dataTypes","type":"java.lang.String[]"},{"converter":"org.appcelerator.kroll.KrollConverter","defaultValueProvider":"org.appcelerator.kroll.KrollConverter","name":"write","sourceName":"write","type":"boolean"}],"apiName":"hasPermissions","converter":"org.appcelerator.kroll.KrollConverter","defaultValueProvider":"org.appcelerator.kroll.KrollConverter","name":"__default_name__","returnType":"boolean"},"getSubscriptions":{"runOnUiThread":false,"hasInvocation":false,"args":[{"converter":"org.appcelerator.kroll.KrollConverter","defaultValueProvider":"org.appcelerator.kroll.KrollConverter","name":"callback","sourceName":"callback","type":"org.appcelerator.kroll.KrollFunction"}],"apiName":"getSubscriptions","converter":"org.appcelerator.kroll.KrollConverter","defaultValueProvider":"org.appcelerator.kroll.KrollConverter","name":"__default_name__","returnType":"void"},"unsubscribe":{"runOnUiThread":false,"hasInvocation":false,"args":[{"converter":"org.appcelerator.kroll.KrollConverter","defaultValueProvider":"org.appcelerator.kroll.KrollConverter","name":"callback","sourceName":"callback","type":"org.appcelerator.kroll.KrollFunction"}],"apiName":"unsubscribe","converter":"org.appcelerator.kroll.KrollConverter","defaultValueProvider":"org.appcelerator.kroll.KrollConverter","name":"__default_name__","returnType":"void"},"subscribe":{"runOnUiThread":false,"hasInvocation":false,"args":[{"converter":"org.appcelerator.kroll.KrollConverter","defaultValueProvider":"org.appcelerator.kroll.KrollConverter","name":"dataTypes","sourceName":"dataTypes","type":"java.lang.String[]"},{"converter":"org.appcelerator.kroll.KrollConverter","defaultValueProvider":"org.appcelerator.kroll.KrollConverter","name":"callback","sourceName":"callback","type":"org.appcelerator.kroll.KrollFunction"}],"apiName":"subscribe","converter":"org.appcelerator.kroll.KrollConverter","defaultValueProvider":"org.appcelerator.kroll.KrollConverter","name":"__default_name__","returnType":"void"},"disable":{"runOnUiThread":false,"hasInvocation":false,"args":[],"apiName":"disable","converter":"org.appcelerator.kroll.KrollConverter","defaultValueProvider":"org.appcelerator.kroll.KrollConverter","name":"__default_name__","returnType":"void"},"requestPermissions":{"runOnUiThread":false,"hasInvocation":false,"args":[{"converter":"org.appcelerator.kroll.KrollConverter","defaultValueProvider":"org.appcelerator.kroll.KrollConverter","name":"dataTypes","sourceName":"dataTypes","type":"java.lang.String[]"},{"converter":"org.appcelerator.kroll.KrollConverter","defaultValueProvider":"org.appcelerator.kroll.KrollConverter","name":"write","sourceName":"write","type":"boolean"},{"converter":"org.appcelerator.kroll.KrollConverter","defaultValueProvider":"org.appcelerator.kroll.KrollConverter","name":"callback","sourceName":"callback","type":"org.appcelerator.kroll.KrollFunction"}],"apiName":"requestPermissions","converter":"org.appcelerator.kroll.KrollConverter","defaultValueProvider":"org.appcelerator.kroll.KrollConverter","name":"__default_name__","returnType":"void"},"getData":{"runOnUiThread":false,"hasInvocation":false,"args":[{"converter":"org.appcelerator.kroll.KrollConverter","defaultValueProvider":"org.appcelerator.kroll.KrollConverter","name":"args","sourceName":"args","type":"org.appcelerator.kroll.KrollDict"},{"converter":"org.appcelerator.kroll.KrollConverter","defaultValueProvider":"org.appcelerator.kroll.KrollConverter","name":"callback","sourceName":"callback","type":"org.appcelerator.kroll.KrollFunction"}],"apiName":"getData","converter":"org.appcelerator.kroll.KrollConverter","defaultValueProvider":"org.appcelerator.kroll.KrollConverter","name":"__default_name__","returnType":"void"}},"superProxyBindingClassName":"org.appcelerator.kroll.KrollModuleBindingGen","proxyClassName":"MveGoogleFitModule","proxyAttrs":{"propertyAccessors":[],"fullAPIName":"MveGoogleFit","name":"MveGoogleFit","proxyClassName":"mve.googlefit.MveGoogleFitModule","isTopLevel":false,"id":"mve.googlefit"},"packageName":"mve.googlefit","sourceName":"mve.googlefit.MveGoogleFitModuleBindingGen","constants":{"TIME_FRAME_DAILY":{"proxyName":"TIME_FRAME_DAILY","name":"TIME_FRAME_DAILY","type":"java.lang.String","value":"daily"},"TYPE_CALORIES_EXPENDED":{"proxyName":"TYPE_CALORIES_EXPENDED","name":"TYPE_CALORIES_EXPENDED","type":"java.lang.String","value":"com.google.calories.expended"},"TYPE_STEP_COUNT_DELTA":{"proxyName":"TYPE_STEP_COUNT_DELTA","name":"TYPE_STEP_COUNT_DELTA","type":"java.lang.String","value":"com.google.step_count.delta"},"TIME_FRAME_WEEKLY":{"proxyName":"TIME_FRAME_WEEKLY","name":"TIME_FRAME_WEEKLY","type":"java.lang.String","value":"weekly"},"TYPE_MOVE_MINUTES":{"proxyName":"TYPE_MOVE_MINUTES","name":"TYPE_MOVE_MINUTES","type":"java.lang.String","value":"com.google.active_minutes"},"TYPE_HEART_POINTS":{"proxyName":"TYPE_HEART_POINTS","name":"TYPE_HEART_POINTS","type":"java.lang.String","value":"com.google.heart_minutes"},"TIME_FRAME_HOURLY":{"proxyName":"TIME_FRAME_HOURLY","name":"TIME_FRAME_HOURLY","type":"java.lang.String","value":"hourly"},"TYPE_HEART_RATE_BPM":{"proxyName":"TYPE_HEART_RATE_BPM","name":"TYPE_HEART_RATE_BPM","type":"java.lang.String","value":"com.google.heart_rate.bpm"}},"superProxyClassName":"KrollModule","isModule":true,"genClassName":"MveGoogleFitModuleBindingGen","onAppCreate":"onAppCreate"}},"modules":{"mve.googlefit.MveGoogleFitModule":{"apiName":"MveGoogleFit"}}}